<?xml version="1.0" encoding="UTF-8"?>
<project-private xmlns="http://www.netbeans.org/ns/project-private/1">
    <editor-bookmarks xmlns="http://www.netbeans.org/ns/editor-bookmarks/2" lastBookmarkId="0"/>
    <open-files xmlns="http://www.netbeans.org/ns/projectui-open-files/2">
        <group>
            <file>file:/D:/FSOFT/MockProject/Password%20Retrieval%20Tool/src/model/User.java</file>
            <file>file:/D:/FSOFT/MockProject/Password%20Retrieval%20Tool/src/utils/UserUtils.java</file>
            <file>file:/D:/FSOFT/MockProject/Password%20Retrieval%20Tool/src/dao/UserDAO.java</file>
            <file>file:/D:/FSOFT/MockProject/Password%20Retrieval%20Tool/src/view/PasswordRetrievalTool.java</file>
            <file>file:/D:/FSOFT/MockProject/Password%20Retrieval%20Tool/src/utils/DBUtils.java</file>
            <file>file:/D:/FSOFT/MockProject/Password%20Retrieval%20Tool/src/dao/UserDAOImpl.java</file>
        </group>
    </open-files>
</project-private>
